Область; Адміністративний район(старий); Адміністративний район(новий); Найменування ОТГ(довідково); Населений пункт; Індекс НП; Назва вулиці;;
Вінницька;Липовецький;Вінницький;Турбівська;с. Стара Прилука;22511;вул. Лесі Українки;49.395561;28.71483
Вінницька;Липовецький;Вінницький;Турбівська;с. Стара Прилука;22511;вул. Лісна;49.395561;28.71483
Вінницька;Липовецький;Вінницький;Турбівська;с. Стара Прилука;22511;вул. Набережна;49.395561;28.71483
Вінницька;Липовецький;Вінницький;Турбівська;с. Стара Прилука;22511;вул. Промислова;49.395561;28.71483
Вінницька;Липовецький;Вінницький;Турбівська;с. Стара Прилука;22511;вул. Деснянська;49.395561;28.71483
Вінницька;Липовецький;Вінницький;Турбівська;с. Стара Прилука;22511;вул. Кармелюка;49.395561;28.71483
Вінницька;Липовецький;Вінницький;Турбівська;с. Стара Прилука;22511;вул. Степана Руданського;49.395561;28.71483
Вінницька;;Вінницький;Вінницька;м. Вінниця;21008;вул. Академічна;49.2085;28.4008939
Вінницька;Липовецький;Вінницький;Турбівська;с. Стара Прилука;22511;вул. Горького;49.395561;28.71483
Вінницька;Липовецький;Вінницький;Турбівська;с. Стара Прилука;22511;вул. Жовтнева;49.395561;28.71483
Вінницька;Липовецький;Вінницький;Турбівська;с. Стара Прилука;22511;вул. Б.Хмельницького;49.395561;28.71483
Вінницька;Липовецький;Вінницький;Турбівська;с. Стара Прилука;22511;вул. Івана Богуна;49.395561;28.71483
Вінницька;;Вінницький;Вінницька;м. Вінниця;21008;вул. Ярослава Мудрого;49.2098035;28.3963793
Вінницька;Липовецький;Вінницький;Турбівська;с. Стара Прилука;22511;вул. Шевченка;49.395561;28.71483
Вінницька;;Вінницький;Вінницька;м. Вінниця;21008;вул. Квітнева;49.2098818;28.3939778
Вінницька;Могилів-Подільський;Могилів-Подільський;Могилів-Подільська;м. Могилів-Подільський;24004;вул. Грушевського;48.428688;27.8185952
Вінницька;Липовецький;Вінницький;Турбівська;с. Стара Прилука;22511;пров. Сільський;49.395561;28.71483
Вінницька;Липовецький;Вінницький;Турбівська;с. Стара Прилука;22511;вул. Пушкіна;49.395561;28.71483
Вінницька;Липовецький;Вінницький;Турбівська;с. Стара Прилука;22511;вул. Івана Франка;49.395561;28.71483
Вінницька;Липовецький;Вінницький;Турбівська;с. Стара Прилука;22511;вул. Некрасова;49.395561;28.71483
Вінницька;Липовецький;Вінницький;Турбівська;с. Стара Прилука;22511;вул. Василя Стуса;49.395561;28.71483
Вінницька;Липовецький;Вінницький;Турбівська;с. Стара Прилука;22511;вул. Садова;49.395561;28.71483
Вінницька;;Вінницький;Вінницька;м. Вінниця;21008;вул. Гніванське шосе;49.2320162;28.467975
Вінницька;;Вінницький;Вінницька;м. Вінниця;21008;пров. Енергетичний;49.2108508;28.4216139
Вінницька;;Вінницький;Вінницька;м. Вінниця;21008;пров. Затишний;49.2106607;28.4196713
Вінницька;Могилів-Подільський;Могилів-Подільський;Могилів-Подільська;м. Могилів-Подільський;24004;вул. Дачна;48.4388213;27.8056329
Вінницька;;Вінницький;Вінницька;м. Вінниця;21008;пров. 1-й Гніванське шосе;49.209714;28.4189996
Вінницька;;Вінницький;Вінницька;м. Вінниця;21010;вул. Руданського;49.2497454;28.4641558
Вінницька;;Вінницький;Вінницька;м. Вінниця;21008;вул. Сонячна;49.2105865;28.4054001
Вінницька;Могилів-Подільський;Могилів-Подільський;Могилів-Подільська;м. Могилів-Подільський;24004;вул. Спортивна;48.4247972;27.8315985
Вінницька;Могилів-Подільський;Могилів-Подільський;Могилів-Подільська;м. Могилів-Подільський;24004;просп. Незалежності;48.4262611;27.8265892
Вінницька;;Вінницький;Вінницька;м. Вінниця;21010;вул. Миколи Хвильового;49.247172;28.4493153
Вінницька;;Вінницький;Вінницька;м. Вінниця;21010;вул. Ботанічна;49.2554582;28.4424025
Вінницька;;Вінницький;Вінницька;м. Вінниця;21010;вул. Романа Шухевича;49.2521426;28.4479573
Вінницька;;Вінницький;Вінницька;м. Вінниця;21020;вул. Романа Шухевича;49.2521426;28.4479573
Вінницька;;Вінницький;Вінницька;м. Вінниця;21010;вул. Святослава Хороброго;49.2508687;28.4473935
Вінницька;;Вінницький;Вінницька;м. Вінниця;21010;пров. Святослава Хороброго;49.2514756;28.447814
Вінницька;Могилів-Подільський;Могилів-Подільський;Вендичанська;с. Кукавка;24011;пров. Хмельницького Богдана;48.602482;27.705799
Вінницька;;Вінницький;Вінницька;м. Вінниця;21010;вул. Євгена Патона;49.2520632;28.4482212
Вінницька;;Вінницький;Вінницька;м. Вінниця;21010;вул. Михайла Драгоманова;49.2393977;28.4439035
Вінницька;;Вінницький;Вінницька;м. Вінниця;21020;вул. Михайла Драгоманова;49.2393977;28.4439035
Вінницька;;Вінницький;Вінницька;м. Вінниця;21010;вул. Василя Симоненка;49.2491552;28.4479628
Вінницька;;Вінницький;Вінницька;м. Вінниця;21010;пров. Василя Симоненка;49.2502233;28.4469682
Вінницька;;Вінницький;Вінницька;м. Вінниця;21010;пров. 1-й Миколи Хвильового;49.2465079;28.4488647
Вінницька;;Вінницький;Вінницька;м. Вінниця;21010;пров. 2-й Миколи Хвильового;49.2477025;28.4502686
Вінницька;;Вінницький;Вінницька;м. Вінниця;21010;вул. Марії Гавриш;49.2567181;28.4501648
Вінницька;;Вінницький;Вінницька;м. Вінниця;21010;вул. Олени Теліги;49.251772;28.4606408
Вінницька;;Вінницький;Вінницька;м. Вінниця;21010;вул. Дніпровська;49.2595806;28.4637077
Вінницька;;Вінницький;Вінницька;м. Вінниця;21010;вул. Уласа Самчука;49.254716;28.4587164
Вінницька;;Вінницький;Вінницька;м. Вінниця;21010;вул. Ольги Кобилянської;49.256425;28.45977
Вінницька;;Вінницький;Вінницька;м. Вінниця;21010;пров. Ольги Кобилянської;49.2532258;28.463045
Вінницька;;Вінницький;Вінницька;м. Вінниця;21010;вул. Тобілевича;49.2569242;28.4551958
Вінницька;;Вінницький;Вінницька;м. Вінниця;21010;вул. Івана Богуна;49.2320162;28.467975
Вінницька;;Вінницький;Вінницька;м. Вінниця;21010;пров. Богуна Івана;49.2320162;28.467975
Вінницька;;Вінницький;Вінницька;м. Вінниця;21010;вул. Діонісія Міклера;49.2468008;28.4590539
Вінницька;;Вінницький;Вінницька;м. Вінниця;21010;пров. Діонісія Міклера;49.2423821;28.4565173
Вінницька;;Вінницький;Вінницька;м. Вінниця;21010;вул. Олександра Лотоцького;49.2419958;28.4605495
Вінницька;Липовецький;Вінницький;Турбівська;с. Нова Прилука;22512;вул. Шевченка;49.3730757;28.707014
Вінницька;Липовецький;Вінницький;Турбівська;с. Нова Прилука;22512;вул. Аграрна;49.3730757;28.707014
Вінницька;Липовецький;Вінницький;Турбівська;с. Нова Прилука;22512;вул. Лугова;49.3730757;28.707014
Вінницька;Липовецький;Вінницький;Турбівська;с. Нова Прилука;22512;вул. Набережна;49.3730757;28.707014
Вінницька;Гайсинський;Гайсинський;Гайсинська;с. Бондурі;23722;вул. Набережна;48.8996599;29.4319926
Вінницька;Липовецький;Вінницький;Турбівська;с. Нова Прилука;22512;вул. Миру;49.3730757;28.707014
Вінницька;Липовецький;Вінницький;Турбівська;с. Нова Прилука;22512;вул. Горького;49.3730757;28.707014
Вінницька;Гайсинський;Гайсинський;Гайсинська;с. Бондурі;23722;вул. Жовтнева;48.89978;29.429506
Вінницька;Липовецький;Вінницький;Турбівська;с. Нова Прилука;22512;вул. Вишнева;49.3730757;28.707014
Вінницька;Липовецький;Вінницький;Турбівська;с. Нова Прилука;22512;вул. Першотравнева;49.3730757;28.707014
Вінницька;Гайсинський;Гайсинський;Гайсинська;с. Бондурі;23722;вул. Садова;48.89978;29.429506
Вінницька;Липовецький;Вінницький;Турбівська;с. Нова Прилука;22512;вул. Коцюбинського;49.3730757;28.707014
Вінницька;Липовецький;Вінницький;Турбівська;с. Нова Прилука;22512;вул. Комарова;49.3730757;28.707014
Вінницька;Гайсинський;Гайсинський;Гайсинська;с. Бондурі;23722;вул. Лісова;48.89978;29.429506
Вінницька;Липовецький;Вінницький;Турбівська;с. Нова Прилука;22512;вул. Кільцева;49.3730757;28.707014
Вінницька;Гайсинський;Гайсинський;Гайсинська;с. Бубнівка;23744;вул. Сонячна;49.541737;26.607559
Вінницька;Гайсинський;Гайсинський;Гайсинська;с. Бубнівка;23744;вул. Садова;49.541737;26.607559
Вінницька;;Вінницький;Вінницька;м. Вінниця;21010;вул. Петрусенко;49.2408427;28.4618858
Вінницька;Гайсинський;Гайсинський;Гайсинська;с. Бубнівка;23744;вул. Жовтнева;49.541737;26.607559
Вінницька;;Вінницький;Вінницька;м. Вінниця;21010;пров. Петрусенко;49.2408521;28.4630645
Вінницька;;Вінницький;Вінницька;м. Вінниця;21010;тупик Петрусенко;49.2427596;28.4634906
Вінницька;;Вінницький;Вінницька;м. Вінниця;21010;пров. 1-й Олександра Лотоцького;49.2419958;28.4605495
Вінницька;;Вінницький;Вінницька;м. Вінниця;21010;пров. 2-й Олександра Лотоцького;49.2425767;28.459326
Вінницька;;Вінницький;Вінницька;м. Вінниця;21010;пров. 3-й Олександра Лотоцького;49.2414279;28.4605846
Вінницька;Крижопільський;Тульчинський;Крижопільська;смт Крижопіль;24600;пров. Трублаїні;48.38568;28.86941
Вінницька;;Вінницький;Вінницька;м. Вінниця;21010;проїзд Ботанічний;49.2490453;28.459507
Вінницька;Липовецький;Вінницький;Турбівська;с. Сиваківці;22514;пров. Ясний;49.32827;28.66402
Вінницька;Липовецький;Вінницький;Турбівська;с. Сиваківці;22514;пров. Шевченка;49.32827;28.66402
Вінницька;;Вінницький;Вінницька;м. Вінниця;21010;вул. Яна Засідателя;49.2461668;28.4605196
Вінницька;Липовецький;Вінницький;Турбівська;с. Сиваківці;22514;вул. Озерна;49.32827;28.66402
Вінницька;Липовецький;Вінницький;Турбівська;с. Сиваківці;22514;вул. Новоселів;49.32827;28.66402
Вінницька;Липовецький;Вінницький;Турбівська;с. Сиваківці;22514;вул. Квітнева;49.32827;28.66402
Вінницька;;Вінницький;Вінницька;м. Вінниця;21010;пров. Яна Засідателя;49.2456209;28.4613503
Вінницька;Липовецький;Вінницький;Турбівська;с. Сиваківці;22514;пров. Зелений;49.32827;28.66402
Вінницька;Липовецький;Вінницький;Турбівська;с. Сиваківці;22514;вул. Вінницька;49.32827;28.66402
Вінницька;Липовецький;Вінницький;Турбівська;с. Сиваківці;22514;вул. Центральна;49.32827;28.66402
Вінницька;;Вінницький;Вінницька;м. Вінниця;21010;пров. 2-й Ботанічний;49.2521495;28.456848
Вінницька;;Вінницький;Вінницька;м. Вінниця;21010;пров. 1-й Руданського;49.2497284;28.461074
Вінницька;;Вінницький;Вінницька;м. Вінниця;21010;пров. 3-й Руданського;49.2530522;28.4544488
Вінницька;;Вінницький;Вінницька;м. Вінниця;21010;пров. 4-й Руданського;49.2537412;28.454923
Вінницька;;Вінницький;Вінницька;м. Вінниця;21010;пров. 1-й Ботанічний;49.2543244;28.4513811
Вінницька;;Вінницький;Вінницька;м. Вінниця;21008;пров. 3-й Корольова;49.2193561;28.3906674
Вінницька;Крижопільський;Тульчинський;Крижопільська;смт Крижопіль;24600;вул. 1-го Травня;48.38568;28.86941
Вінницька;Крижопільський;Тульчинський;Крижопільська;смт Крижопіль;24600;вул. Сміщука;48.38568;28.86941
Вінницька;Бершадський;Гайсинський;Бершадська;м. Бершадь;24400;пров. Робітничий;48.36594;29.51889
Вінницька;;Вінницький;Вінницька;м. Вінниця;21011;вул. Левка Лук'яненка;49.2443675;28.5329956
Вінницька;;Вінницький;Вінницька;м. Вінниця;21011;вул. Джозефа Конрада;49.2538731;28.5398122
Вінницька;Бершадський;Гайсинський;Бершадська;м. Бершадь;24400;пров. Терешкової;48.36594;29.51889
Вінницька;Бершадський;Гайсинський;Бершадська;м. Бершадь;24400;пров. Івана Мазепи;48.36594;29.51889
Вінницька;Бершадський;Гайсинський;Бершадська;м. Бершадь;24400;пров. Українського козацтва;48.36594;29.51889
Вінницька;;Вінницький;Вінницька;м. Вінниця;21012;вул. Кожедуба;49.2219953;28.4992814
Вінницька;;Вінницький;Вінницька;м. Вінниця;21012;вул. Анатолія Черниша;49.2251986;28.4962906
Вінницька;;Вінницький;Вінницька;м. Вінниця;21012;вул. Кривоноса;49.2204402;28.4987697
Вінницька;Бершадський;Гайсинський;Джулинська;с. Берізки-Бершадські;24451;вул. Танкістів;48.41297;29.72626
Вінницька;Чечельницький;Гайсинський;Ольгопільська;с. Берізки-Чечельницькі;24834;вул. Подільська;48.14724;29.63356
Вінницька;Бершадський;Гайсинський;Джулинська;с. Берізки-Бершадські;24451;вул. Бугова;48.41297;29.72626
Вінницька;;Вінницький;Вінницька;м. Вінниця;21012;вул. Леонтовича;49.2229347;28.4978406
Вінницька;Бершадський;Гайсинський;Джулинська;с. Берізки-Бершадські;24451;вул. Механіка;48.41297;29.72626
Вінницька;Бершадський;Гайсинський;Джулинська;с. Берізки-Бершадські;24451;вул. Весняна;48.41297;29.72626
Вінницька;Бершадський;Гайсинський;Джулинська;с. Берізки-Бершадські;24451;вул. Річна;48.41297;29.72626
Вінницька;;Вінницький;Вінницька;м. Вінниця;21012;пров. 4-й Маріупольський;49.2163708;28.4877375
Вінницька;Бершадський;Гайсинський;Джулинська;с. Берізки-Бершадські;24451;вул. Перемоги;48.41297;29.72626
Вінницька;;Вінницький;Вінницька;м. Вінниця;21012;пров. 3-й Маріупольський;49.2172535;28.4868831
Вінницька;Чечельницький;Гайсинський;Ольгопільська;с. Берізки-Чечельницькі;24834;вул. Комарова;48.14724;29.63356
Вінницька;;Вінницький;Вінницька;м. Вінниця;21012;пров. 5-й Маріупольський;49.2161287;28.4890471
Вінницька;Бершадський;Гайсинський;Джулинська;с. Берізки-Бершадські;24451;вул. Садова;48.41297;29.72626
Вінницька;;Вінницький;Вінницька;м. Вінниця;21012;вул. Гната Танцюри;49.2200445;28.4970222
Вінницька;;Вінницький;Вінницька;м. Вінниця;21012;вул. Нечая Данила;49.198401;28.5043476
Вінницька;Чечельницький;Гайсинський;Ольгопільська;с. Берізки-Чечельницькі;24834;вул. Молодіжна;48.14724;29.63356
Вінницька;Чечельницький;Гайсинський;Ольгопільська;с. Берізки-Чечельницькі;24834;вул. Миру;48.14724;29.63356
Вінницька;Чечельницький;Гайсинський;Ольгопільська;с. Берізки-Чечельницькі;24834;вул. Шевченка;48.14724;29.63356
Вінницька;;Вінницький;Вінницька;м. Вінниця;21012;вул. Марії Приймаченко;49.2320162;28.467975
Вінницька;Чечельницький;Гайсинський;Ольгопільська;с. Берізки-Чечельницькі;24834;вул. Гагаріна;48.14724;29.63356
Вінницька;;Вінницький;Вінницька;м. Вінниця;21012;пров. Марії Приймаченко;49.2320162;28.467975
Вінницька;;Вінницький;Вінницька;м. Вінниця;21012;вул. Пластова;49.2181973;28.4881755
Вінницька;;Вінницький;Вінницька;м. Вінниця;21012;пров. Пластовий;49.2195137;28.4861963
Вінницька;;Вінницький;Вінницька;м. Вінниця;21012;тупик Пластовий;49.2200322;28.4845481
Вінницька;;Вінницький;Вінницька;м. Вінниця;21012;пров. Костя Широцького;49.2165886;28.4950438
Вінницька;;Вінницький;Вінницька;м. Вінниця;21012;вул. Олекси Довбуша;49.2249611;28.4910407
Вінницька;;Вінницький;Вінницька;м. Вінниця;21012;пров. Дубовецький;49.2283986;28.4941652
Вінницька;;Вінницький;Вінницька;м. Вінниця;21012;вул. Ігоря Сікорського;49.2288431;28.492908
Вінницька;;Вінницький;Вінницька;м. Вінниця;21012;вул. Петра Ніщинського;49.2270452;28.4865723
Вінницька;;Вінницький;Вінницька;м. Вінниця;21012;пров. 1-й Нечая Данила;49.2225859;28.4879979
Вінницька;;Вінницький;Вінницька;м. Вінниця;21012;пров. 2-й Нечая Данила;49.2225859;28.4879979
Вінницька;;Вінницький;Вінницька;м. Вінниця;21012;пров. Овражний;49.2320162;28.467975
Вінницька;;Вінницький;Вінницька;м. Вінниця;21012;пров. 3-й Нечая Данила;49.2221612;28.4893675
Вінницька;;Вінницький;Вінницька;м. Вінниця;21012;вул. Дубовецька;49.2298064;28.4869695
Вінницька;;Вінницький;Вінницька;м. Вінниця;21012;пров. 3-й Дубовецький;49.2284266;28.4912585
Вінницька;;Вінницький;Вінницька;м. Вінниця;21012;пров. 2-й Дубовецький;49.2290028;28.4906075
Вінницька;;Вінницький;Вінницька;м. Вінниця;21012;проїзд Дубовецький;49.2277952;28.4972524
Вінницька;;Вінницький;Вінницька;м. Вінниця;21012;вул. Бернарда Претвича;49.2270836;28.4867756
Вінницька;;Вінницький;Вінницька;м. Вінниця;21012;пров. Бернарда Претвича;49.2252594;28.4857574
Вінницька;;Вінницький;Вінницька;м. Вінниця;21012;вул. Паліїв Яр;49.2202222;28.4891851
Вінницька;;Вінницький;Вінницька;м. Вінниця;21001;вул. Євгена Коновальця;49.2302933;28.4896389
Вінницька;;Вінницький;Вінницька;м. Вінниця;21012;вул. Євгена Коновальця;49.2302933;28.4896389
Вінницька;;Вінницький;Вінницька;м. Вінниця;21012;вул. 20-го Березня;49.2282479;28.4867071
Вінницька;;Вінницький;Вінницька;м. Вінниця;21012;вул. Ігоря Костецького;49.2264586;28.4853626
Вінницька;;Вінницький;Вінницька;м. Вінниця;21012;пров. 1-й Ігоря Костецького;49.2281329;28.4832563
Вінницька;;Вінницький;Вінницька;м. Вінниця;21012;пров. 2-й Ігоря Костецького;49.224215;28.4875958
Вінницька;;Вінницький;Вінницька;м. Вінниця;21012;вул. Генерала Безручка;49.2106332;28.4991818
Вінницька;Могилів-Подільський;Могилів-Подільський;Яришівська;с. Яришів;24024;вул. 1-го Травня;48.512192;27.63199
Вінницька;;Вінницький;Вінницька;м. Вінниця;21012;пров. Гулака-Артемовського;49.2132459;28.5028143
Вінницька;;Вінницький;Вінницька;м. Вінниця;21012;пров. Генерала Безручка;49.2106332;28.4991818
Вінницька;;Вінницький;Вінницька;м. Вінниця;21012;проїзд Генерала Безручка;49.2105352;28.5003966
Вінницька;;Вінницький;Вінницька;м. Вінниця;21012;вул. Братів Котенків;49.2139651;28.5012361
Вінницька;;Вінницький;Вінницька;м. Вінниця;21012;пров. 1-й Тетяни Яблонської;49.2086362;28.5019955
Вінницька;;Вінницький;Вінницька;м. Вінниця;21012;пров. 2-й Тетяни Яблонської;49.2103095;28.5016223
Вінницька;;Вінницький;Вінницька;м. Вінниця;21012;вул. Тетяни Яблонської;49.2102508;28.502673
Вінницька;;Вінницький;Вінницька;м. Вінниця;21012;вул. Софії Русової;49.209197;28.4984157
Вінницька;;Вінницький;Вінницька;м. Вінниця;21012;вул. Новоселівська;49.2114112;28.5050382
Вінницька;;Вінницький;Вінницька;м. Вінниця;21012;пров. 1-й Одеський;49.2104646;28.5035666
Вінницька;;Вінницький;Вінницька;м. Вінниця;21012;пров. 2-й Одеський;49.2099528;28.5049641
Вінницька;;Вінницький;Вінницька;м. Вінниця;21012;вул. Степова;49.2143954;28.4918046
Вінницька;;Вінницький;Вінницька;м. Вінниця;21011;вул. Степова;49.2143954;28.4918046
Вінницька;;Вінницький;Вінницька;м. Вінниця;21012;вул. Федорова Івана;49.2079517;28.5054291
Вінницька;Могилів-Подільський;Могилів-Подільський;Вендичанська;смт Вендичани;24032;пров. 1-й Дубініна;48.6100326;27.7851029
Вінницька;Липовецький;Вінницький;Турбівська;с. Біла;22520;вул. Коцюбинського;49.3857532;28.9245343
Вінницька;Липовецький;Вінницький;Турбівська;с. Біла;22520;вул. Кириченко;49.04091;25.76294
Вінницька;Липовецький;Вінницький;Турбівська;с. Біла;22520;вул. Миру;49.4219902;23.7507916
Вінницька;Липовецький;Вінницький;Турбівська;с. Біла;22520;вул. Маяковського;49.8239355;30.4428716
Вінницька;Липовецький;Вінницький;Турбівська;с. Біла;22520;вул. Гагаріна;50.6401111;29.475119
Вінницька;Липовецький;Вінницький;Турбівська;с. Біла;22520;вул. Шевченка;49.3937292;28.9160214
Вінницька;;Вінницький;Вінницька;м. Вінниця;21012;вул. Гетьмана Сагайдачного;49.2105567;28.4962641
Вінницька;;Вінницький;Вінницька;м. Вінниця;21012;вул. Костя Широцького;49.2164442;28.4984387
Вінницька;Липовецький;Вінницький;Турбівська;с. Біла;22520;вул. Хмельницького Богдана;49.3981274;28.9251284
Вінницька;Липовецький;Вінницький;Липовецька;с. Зозівка;22521;вул. Шевченка;49.3423699;28.9663446
Вінницька;;Вінницький;Вінницька;м. Вінниця;21012;пров. Привокзальний;49.2199826;28.5025451
Вінницька;Липовецький;Вінницький;Липовецька;с. Зозівка;22521;вул. Степова;49.3439637;28.972975
Вінницька;Липовецький;Вінницький;Липовецька;с. Зозівка;22521;вул. Молодіжна;49.3350259;28.9835034
Вінницька;Липовецький;Вінницький;Липовецька;с. Зозівка;22521;вул. Зелена;49.3382165;28.9730179
Вінницька;;Вінницький;Вінницька;м. Вінниця;21012;вул. Ярослава Нєменца;49.2320162;28.467975
Вінницька;Липовецький;Вінницький;Липовецька;с. Зозівка;22521;вул. Зарічна;49.3392312;28.9686781
Вінницька;;Вінницький;Вінницька;м. Вінниця;21012;пров. Ярослава Нєменца;49.2320162;28.467975
Вінницька;Липовецький;Вінницький;Липовецька;с. Зозівка;22521;вул. Докучаєва;49.3393116;28.985281
Вінницька;;Вінницький;Вінницька;м. Вінниця;21012;вул. Ясна;49.2233411;28.5029685
Вінницька;;Вінницький;Вінницька;м. Вінниця;21012;пров. Ясний;49.2259066;28.5001033
Вінницька;Липовецький;Вінницький;Липовецька;с. Зозівка;22521;вул. Пирогова;49.3308283;28.976702
Вінницька;Липовецький;Вінницький;Липовецька;с. Зозівка;22521;вул. Сонячна;49.3383086;28.9672411
Вінницька;Липовецький;Вінницький;Липовецька;с. Зозівка;22521;вул. Гагаріна;49.3303296;28.9776554
Вінницька;;Вінницький;Вінницька;м. Вінниця;21012;вул. Сірка Івана;49.2118694;28.4937368
Вінницька;Липовецький;Вінницький;Липовецька;с. Вербівка;22522;вул. Шевченка;51.3957781;32.800199
Вінницька;Липовецький;Вінницький;Липовецька;с. Вербівка;22522;вул. Лермонтова;49.486542;36.836472
Вінницька;;Вінницький;Вінницька;м. Вінниця;21012;пров. Гетьмана Сагайдачного;49.2089533;28.4935149
Вінницька;Липовецький;Вінницький;Липовецька;с. Вербівка;22522;вул. Центральна;48.9577575;29.3302934
Вінницька;;Вінницький;Вінницька;м. Вінниця;21012;вул. Шкільна;49.2078138;28.5015571
Вінницька;Липовецький;Вінницький;Липовецька;с. Вербівка;22522;вул. Хмельницького Богдана;49.486542;36.836472
Вінницька;Липовецький;Вінницький;Липовецька;с. Вербівка;22522;вул. Садова;51.1089077;28.0625266
Вінницька;;Вінницький;Вінницька;м. Вінниця;21012;пров. Шкільний;49.2085495;28.4998975
Вінницька;Липовецький;Вінницький;Турбівська;с. Брицьке;22523;вул. Шевченка;49.114475;7.1788612
Вінницька;Липовецький;Вінницький;Турбівська;с. Брицьке;22523;вул. Першотравнева;49.114475;7.1788612
Вінницька;Липовецький;Вінницький;Турбівська;с. Брицьке;22523;вул. Перемоги;49.114475;7.1788612
Вінницька;;Вінницький;Вінницька;м. Вінниця;21012;пров. Братів Котенків;49.2134848;28.499328
Вінницька;Липовецький;Вінницький;Турбівська;с. Брицьке;22523;вул. Івана Богуна;49.114475;7.1788612
Вінницька;Липовецький;Вінницький;Турбівська;с. Брицьке;22523;вул. Зелена;49.114475;7.1788612
Вінницька;Липовецький;Вінницький;Турбівська;с. Брицьке;22523;вул. Молодіжна;49.114475;7.1788612
Вінницька;;Вінницький;Вінницька;м. Вінниця;21012;пров. 2-й Новоселівський;49.2131119;28.5061074
Вінницька;Липовецький;Вінницький;Турбівська;с. Брицьке;22523;вул. Садова;49.114475;7.1788612
Вінницька;Липовецький;Вінницький;Турбівська;с. Брицьке;22523;вул. Партизанська;49.114475;7.1788612
Вінницька;Липовецький;Вінницький;Турбівська;с. Брицьке;22523;вул. Зарічна;49.114475;7.1788612
Вінницька;;Вінницький;Вінницька;м. Вінниця;21015;вул. Липовецька;49.2593539;28.5168003
Вінницька;;Вінницький;Вінницька;м. Вінниця;21022;вул. Липовецька;49.2593539;28.5168003
Вінницька;;Вінницький;Вінницька;м. Вінниця;21017;вул. Липовецька;49.2593539;28.5168003
Вінницька;Могилів-Подільський;Могилів-Подільський;Вендичанська;с. Кричанівка;24034;вул. Порика;48.588737;27.852503
Вінницька;;Вінницький;Вінницька;м. Вінниця;21017;вул. Полубуткіна;49.2581709;28.5205035
Вінницька;;Вінницький;Вінницька;м. Вінниця;21017;пров. 1-й Полубуткіна;49.2320162;28.467975
Вінницька;;Вінницький;Вінницька;м. Вінниця;21017;вул. Марка Вовчка;49.2320162;28.467975
Вінницька;;Вінницький;Вінницька;м. Вінниця;21017;бульв. Марка Вовчка;49.2320162;28.467975
Вінницька;;Вінницький;Вінницька;м. Вінниця;21017;вул. Івана Світличного;49.2609059;28.5228951
Вінницька;;Вінницький;Вінницька;м. Вінниця;21017;бульв. Івана Світличного;49.2598;28.5234459
Вінницька;;Вінницький;Вінницька;м. Вінниця;21017;вул. Олексія Зінов'єва;49.2621086;28.5236495
Вінницька;;Вінницький;Вінницька;м. Вінниця;21017;вул. Гуцала Євгена;49.2604851;28.5254636
Вінницька;;Вінницький;Вінницька;м. Вінниця;21017;пров. Гуцала Євгена;49.2627623;28.5239733
Вінницька;;Вінницький;Вінницька;м. Вінниця;21017;вул. Надії Суровцової;49.2594592;28.5221259
Вінницька;;Вінницький;Вінницька;м. Вінниця;21022;вул. Гонти;49.2582684;28.497188
Вінницька;;Вінницький;Вінницька;м. Вінниця;21017;вул. Гонти;49.2582684;28.497188
Вінницька;;Вінницький;Вінницька;м. Вінниця;21011;вул. Гонти;49.2582684;28.497188
Вінницька;;Вінницький;Вінницька;м. Вінниця;21017;вул. Дружня;49.2652921;28.5372941
Вінницька;;Вінницький;Вінницька;м. Вінниця;21017;вул. Черешнева;49.2663239;28.53812
Вінницька;Липовецький;Вінницький;Турбівська;с. Брицьке;22523;вул. Гагаріна;49.114475;7.1788612
Вінницька;Могилів-Подільський;Могилів-Подільський;Вендичанська;с. Кричанівка;24034;пров. Жовтневий;48.588737;27.852503
Вінницька;;Вінницький;Вінницька;м. Вінниця;21017;вул. Кобзаря;49.2547109;28.5154889
Вінницька;;Вінницький;Вінницька;м. Вінниця;21017;вул. Яреми;49.2570451;28.5209599
Вінницька;;Вінницький;Вінницька;м. Вінниця;21017;вул. Продольна;49.2570137;28.5231619
Вінницька;;Вінницький;Вінницька;м. Вінниця;21017;пров. Продольний;49.25767;28.5219419
Вінницька;;Вінницький;Вінницька;м. Вінниця;21017;вул. Коротка;49.2550161;28.518105
Вінницька;;Вінницький;Вінницька;м. Вінниця;21017;пров. Короткий;49.2561876;28.5183019
Вінницька;;Вінницький;Вінницька;м. Вінниця;21017;вул. Ушинського;49.25795;28.5102736
Вінницька;Липовецький;Вінницький;Турбівська;с. Вахнівка;22524;вул. Шевченка;49.3235033;28.8391757
Вінницька;;Вінницький;Вінницька;м. Вінниця;21017;вул. Гайдамацька;49.2573;28.5098909
Вінницька;;Вінницький;Вінницька;м. Вінниця;21017;пров. 1-й Гайдамацький;49.2570221;28.5050617
Вінницька;;Вінницький;Вінницька;м. Вінниця;21017;пров. Гайдамацький;49.2566908;28.5095089
Вінницька;;Вінницький;Вінницька;м. Вінниця;21017;вул. Кальницька;49.2582894;28.5133912
Вінницька;;Вінницький;Вінницька;м. Вінниця;21017;вул. Чернігівська;49.2600095;28.515485
Вінницька;Липовецький;Вінницький;Турбівська;с. Вахнівка;22524;вул. Миру;49.3235033;28.8391757
Вінницька;;Вінницький;Вінницька;м. Вінниця;21017;пров. Чернігівський;49.2598218;28.5137985
Вінницька;;Вінницький;Вінницька;м. Вінниця;21017;пров. Заміський;49.2602256;28.512412
Вінницька;Липовецький;Вінницький;Турбівська;с. Вахнівка;22524;пров. Першотравневий;49.3235033;28.8391757
Вінницька;Липовецький;Вінницький;Турбівська;с. Вахнівка;22524;вул. Першотравнева;49.3235033;28.8391757
Вінницька;Липовецький;Вінницький;Турбівська;с. Вахнівка;22524;вул. Соборна;49.3235033;28.8391757
Вінницька;Липовецький;Вінницький;Турбівська;с. Вахнівка;22524;вул. Юності;49.3235033;28.8391757
Вінницька;Липовецький;Вінницький;Турбівська;с. Вахнівка;22524;вул. Молодіжна;49.3235033;28.8391757
Вінницька;;Вінницький;Вінницька;м. Вінниця;21019;вул. Грабовської Валентини;49.2076426;28.4609175
Вінницька;;Вінницький;Вінницька;м. Вінниця;21019;вул. Димчука;49.207115;28.4608211
Вінницька;Липовецький;Вінницький;Турбівська;с. Вахнівка;22524;вул. Сонячна;49.3235033;28.8391757
Вінницька;Липовецький;Вінницький;Турбівська;с. Вахнівка;22524;вул. Садова;49.3235033;28.8391757
Вінницька;;Вінницький;Вінницька;м. Вінниця;21019;вул. Ілика Володимира;49.2320162;28.467975
Вінницька;;Вінницький;Вінницька;м. Вінниця;21019;вул. Киянка Володимира;49.2065769;28.4607364
Вінницька;;Вінницький;Вінницька;м. Вінниця;21019;пров. 2-й Синьоводський;49.2320162;28.467975
Вінницька;;Вінницький;Вінницька;м. Вінниця;21019;вул. Нагірна;49.210578;28.4586159
Вінницька;;Вінницький;Вінницька;м. Вінниця;21019;вул. Василя Сильвестрова;49.2080322;28.4630121
Вінницька;;Вінницький;Вінницька;м. Вінниця;21019;вул. Барвиста;49.20919;28.4656898
Вінницька;;Вінницький;Вінницька;м. Вінниця;21019;вул. Українська;49.2086735;28.4631147
Вінницька;;Вінницький;Вінницька;м. Вінниця;21019;вул. Василя Кричевського;49.2112836;28.4637176
Вінницька;;Вінницький;Вінницька;м. Вінниця;21019;вул. Анатолія Свидницького;49.21258;28.4891535
Вінницька;;Вінницький;Вінницька;м. Вінниця;21019;вул. Комітетська;49.2101605;28.4888864
Вінницька;Могилів-Подільський;Могилів-Подільський;Яришівська;с. Юрківці;24040;пров. Заводський;48.503437;25.932705
Вінницька;;Вінницький;Вінницька;м. Вінниця;21019;вул. Якова Шепеля;49.208741;28.4900372
Вінницька;Липовецький;Вінницький;Липовецька;с. Зозів;22525;вул. Молодіжна;49.31316;29.01112
Вінницька;;Вінницький;Вінницька;м. Вінниця;21019;вул. Івана Виговського;49.2109753;28.4912094
Вінницька;;Вінницький;Вінницька;м. Вінниця;21019;вул. Максима Рильського;49.2320162;28.467975
Вінницька;;Вінницький;Вінницька;м. Вінниця;21019;пров. Максима Рильського;49.2095533;28.4707825
Вінницька;;Вінницький;Вінницька;м. Вінниця;21019;вул. Будівельників;49.2048905;28.4877349
Вінницька;;Вінницький;Вінницька;м. Вінниця;21019;вул. Сича Тараса;49.2100425;28.4876108
Вінницька;;Вінницький;Вінницька;м. Вінниця;21019;пров. 1-й Хоменка Івана;49.2125244;28.4851256
Вінницька;Могилів-Подільський;Могилів-Подільський;Яришівська;с. Юрківці;24040;пров. Гагаріна;48.495427;27.6954684
Вінницька;;Вінницький;Вінницька;м. Вінниця;21019;вул. Тиха;49.2051123;28.4870385
Вінницька;;Вінницький;Вінницька;м. Вінниця;21019;тупик Тихий;49.2054819;28.4859709
Вінницька;Липовецький;Вінницький;Липовецька;с. Зозів;22525;вул. Соборна;49.31316;29.01112
Вінницька;;Вінницький;Вінницька;м. Вінниця;21019;вул. Тракторна;49.2152174;28.487091
Вінницька;Липовецький;Вінницький;Липовецька;с. Зозів;22525;вул. Шеренгового;49.31316;29.01112
Вінницька;Липовецький;Вінницький;Липовецька;с. Зозів;22525;вул. Незалежності;49.31316;29.01112
Вінницька;;Вінницький;Вінницька;м. Вінниця;21019;пров. Скоропадського Павла;49.2056845;28.4733434
Вінницька;;Вінницький;Вінницька;м. Вінниця;21019;вул. 28-го Червня;49.2105669;28.4900377
Вінницька;Липовецький;Вінницький;Липовецька;с. Зозів;22525;вул. Визволення;49.31316;29.01112
Вінницька;;Вінницький;Вінницька;м. Вінниця;21019;вул. Аграрна;49.2062569;28.4867933
Вінницька;Липовецький;Вінницький;Липовецька;с. Зозів;22525;вул. Шевченка;49.31316;29.01112
Вінницька;;Вінницький;Вінницька;м. Вінниця;21019;вул. Богомольця;49.2114651;28.475715
Вінницька;;Вінницький;Вінницька;м. Вінниця;21019;пров. Богомольця;49.21211;28.4725874
Вінницька;;Вінницький;Вінницька;м. Вінниця;21019;тупик Богомольця;49.2128048;28.4725436
Вінницька;;Вінницький;Вінницька;м. Вінниця;21019;вул. Грушева;49.2034107;28.4764109
Вінницька;Липовецький;Вінницький;Липовецька;с. Зозів;22525;вул. Першотравнева;49.31316;29.01112
Вінницька;;Вінницький;Вінницька;м. Вінниця;21019;вул. Мирослава Скорика;49.2106082;28.4736403
Вінницька;;Вінницький;Вінницька;м. Вінниця;21019;вул. Олександра Немченка;49.2099407;28.4756028
Вінницька;;Вінницький;Вінницька;м. Вінниця;21019;вул. Гданська;49.2057972;28.4761805
Вінницька;Липовецький;Вінницький;Турбівська;с. Козинці;22530;вул. Шкільна;50.5160816;30.0588413
Вінницька;;Вінницький;Вінницька;м. Вінниця;21019;вул. Гальчевського Якова;49.2118599;28.4825815
Вінницька;;Вінницький;Вінницька;м. Вінниця;21019;вул. Грушева;49.2047485;28.4825088
Вінницька;;Вінницький;Вінницька;м. Вінниця;21019;вул. Гданська;49.2119592;28.4772357
Вінницька;Липовецький;Вінницький;Турбівська;с. Козинці;22530;вул. Шкільна;50.5125013;30.0585705
Вінницька;;Вінницький;Вінницька;м. Вінниця;21019;вул. Гальчевського Якова;49.2086583;28.4820506
Вінницька;Липовецький;Вінницький;Турбівська;с. Козинці;22530;вул. Зарічна;49.260632;28.76255
Вінницька;Липовецький;Вінницький;Турбівська;с. Козинці;22530;вул. Перемоги;49.260632;28.76255
Вінницька;Липовецький;Вінницький;Турбівська;с. Козинці;22530;вул. Вишнева;49.260632;28.76255
Вінницька;;Вінницький;Вінницька;м. Вінниця;21019;вул. Миколи Костомарова;49.2112465;28.4642311
Вінницька;Могилів-Подільський;Могилів-Подільський;Могилів-Подільська;с. Озаринці;24041;вул. Соборна;48.541394;27.8083786
Вінницька;Липовецький;Вінницький;Турбівська;с. Козинці;22530;вул. Садова;49.260632;28.76255
Вінницька;;Вінницький;Вінницька;м. Вінниця;21019;пров. Барвистий;49.2093659;28.4632646
Вінницька;;Вінницький;Вінницька;м. Вінниця;21019;пров. Василя Кричевського;49.2099722;28.4634079
Вінницька;;Вінницький;Вінницька;м. Вінниця;21019;пров. 1-й Глинки;49.2124362;28.4757471
Вінницька;;Вінницький;Вінницька;м. Вінниця;21019;вул. Крижевого Бориса;49.2149322;28.4667193
Вінницька;Липовецький;Вінницький;Липовецька;с. Щаслива;22532;вул. Коцюбинського;49.2081985;28.8990267
Вінницька;;Вінницький;Вінницька;м. Вінниця;21019;пров. 1-й Миколи Костомарова;49.2106039;28.4635571
Вінницька;;Вінницький;Вінницька;м. Вінниця;21019;вул. Василя Сліпака;49.213415;28.4771903
Вінницька;;Вінницький;Вінницька;м. Вінниця;21019;пров. 1-й Василя Сліпака;49.2128075;28.4719458
Вінницька;Липовецький;Вінницький;Липовецька;с. Щаслива;22532;вул. Р.Грушка;49.2081985;28.8990267
Вінницька;Липовецький;Вінницький;Липовецька;с. Щаслива;22532;вул. Б.Хмельницького;49.2081985;28.8990267
Вінницька;;Вінницький;Вінницька;м. Вінниця;21019;пров. 1-й Гданський;49.2124466;28.4785585
Вінницька;Липовецький;Вінницький;Липовецька;с. Щаслива;22532;вул. Миру;49.2081985;28.8990267
Вінницька;Липовецький;Вінницький;Липовецька;с. Лозувата;22533;вул. Гагаріна;49.2523489;28.8356713
Вінницька;Липовецький;Вінницький;Липовецька;с. Лозувата;22533;вул. Шевченка;49.2523489;28.8356713
Вінницька;Липовецький;Вінницький;Липовецька;с. Лозувата;22533;вул. Центральна;49.2523489;28.8356713
Вінницька;;Вінницький;Вінницька;м. Вінниця;21018;вул. Гоголя;49.2309832;28.4615889
Вінницька;;Вінницький;Вінницька;м. Вінниця;21018;вул. Марії Литвиненко-Вольгемут;49.2271876;28.4493897
Вінницька;;Вінницький;Вінницька;м. Вінниця;21018;пров. Комунальний;49.2308961;28.4583846
Вінницька;;Вінницький;Вінницька;м. Вінниця;21018;вул. Стуса Василя;49.2296988;28.4575844
Вінницька;Липовецький;Вінницький;Липовецька;с. Лукашівка;22534;вул. Пролетарська;50.437702;35.568737
Вінницька;Липовецький;Вінницький;Липовецька;с. Лукашівка;22534;вул. Польова;49.1708973;29.7376921
Вінницька;Липовецький;Вінницький;Липовецька;с. Лукашівка;22534;вул. Першотравнева;48.654199;29.2014288
Вінницька;Липовецький;Вінницький;Липовецька;с. Лукашівка;22534;вул. Молодіжна;49.181892;35.4796237
Вінницька;Липовецький;Вінницький;Липовецька;с. Лукашівка;22534;вул. Шкільна;51.3847936;31.3943661
Вінницька;;Вінницький;Вінницька;м. Вінниця;21018;пров. 1-й Пирогова;49.2275355;28.4523672
Вінницька;Липовецький;Вінницький;Липовецька;с. Лукашівка;22534;пров. Жовтневий;50.437702;35.568737
Вінницька;;Вінницький;Вінницька;м. Вінниця;21018;вул. 2-й Пирогова;49.2278163;28.4502599
Вінницька;Липовецький;Вінницький;Липовецька;с. Лукашівка;22534;вул. Жовтнева;48.6465922;29.1945119
Вінницька;;Вінницький;Вінницька;м. Вінниця;21018;пл. Калічанська;49.2340881;28.458308
Вінницька;;Вінницький;Вінницька;м. Вінниця;21018;пров. Марії Литвиненко-Вольгемут;49.2243079;28.4559021
Вінницька;Липовецький;Вінницький;Липовецька;с. Лукашівка;22534;вул. Садова;48.1738375;30.6920436
Вінницька;;Вінницький;Вінницька;м. Вінниця;21018;тупик 1-й Марії Литвиненко-Вольгемут;49.2238911;28.4573036
Вінницька;Липовецький;Вінницький;Липовецька;с. Лукашівка;22534;вул. Лесі Українки;50.437702;35.568737
Вінницька;;Вінницький;Вінницька;м. Вінниця;21018;вул. Князів Коріатовичів;49.229377;28.4699153
